<?xml version="1.0" encoding="UTF-8" standalone="yes"?>
<addon id="service.librespot_connect" name="Librespot Connect" version="0.0.3">
  <requires>
    <import addon="xbmc.python" version="3.0.0" />
  </requires>
  <extension point="xbmc.service" library="service.py">
    <provides></provides>
  </extension>
  <extension point="xbmc.addon.metadata">
    <summary lang="en_GB">Librespot Connect: play Spotify through Kodi using a Spotify app as a remote</summary>
    <description lang="en_GB">Librespot Connect lets you play Spotify through Kodi using a Spotify app as a remote.</description>
    <disclaimer lang="en_GB">Requires ffmpeg and librespot to run, and a Spotify Premium account to use.</disclaimer>
    <language>en</language>
    <platform>all</platform>
    <license>GPLv3</license>
    <forum>https://github.com/henri-funck/service.librespot_connect/issues</forum>
    <website>https://github.com/henri-funck/service.librespot_connect</website>
    <source>https://github.com/henri-funck/service.librespot_connect</source>
    <news>
    Initial release
    </news>
    <assets>
        <icon>resources/icon.png</icon>
    </assets>
  </extension>
</addon>