<?xml version="1.0" encoding="UTF-8" standalone="yes"?>
<addon id="repository.henri-funck" name="Henri Funck Repository" provider-name="Henri Funck" version="0.0.1">
  <extension point="xbmc.addon.repository" name="Henri Funck Repository">
    <dir>
      <info compressed="false">https://raw.githubusercontent.com/henri-funck/repository.henri-funck/master/addons.xml</info>
      <checksum>https://raw.githubusercontent.com/henri-funck/repository.henri-funck/master/addons.xml.md5</checksum>
      <datadir zip="true">https://raw.githubusercontent.com/henri-funck/repository.henri-funck/master/</datadir>
    </dir>
  </extension>
  <extension point="xbmc.addon.metadata">
    <platform>all</platform>
    <description lang="en">Addons by Henri Funck</description>
    <license></license>
    <language></language>
    <website></website>
    <news></news>
    <assets>
    </assets>
  </extension>
</addon>
